{"average_level": -50.16781234741211, "highest_level": -50.16781234741211, "lowest_level": -50.16781234741211}
{"average_level": -37.87685012817383, "highest_level": -37.87685012817383, "lowest_level": -37.87685012817383}
{"average_level": -44.68483352661133, "highest_level": -44.68483352661133, "lowest_level": -44.68483352661133}
{"average_level": -43.18080139160156, "highest_level": -43.18080139160156, "lowest_level": -43.18080139160156}
{"average_level": -41.08933639526367, "highest_level": -41.08933639526367, "lowest_level": -41.08933639526367}
{"average_level": -41.492801666259766, "highest_level": -41.492801666259766, "lowest_level": -41.492801666259766}
{"average_level": -42.64656066894531, "highest_level": -42.64656066894531, "lowest_level": -42.64656066894531}
{"average_level": -38.111610412597656, "highest_level": -38.111610412597656, "lowest_level": -38.111610412597656}
{"average_level": -45.366416931152344, "highest_level": -45.366416931152344, "lowest_level": -45.366416931152344}
{"average_level": -31.57111930847168, "highest_level": -31.57111930847168, "lowest_level": -31.57111930847168}
{"average_level": -42.65693283081055, "highest_level": -42.65693283081055, "lowest_level": -42.65693283081055}
{"average_level": -44.20381164550781, "highest_level": -44.20381164550781, "lowest_level": -44.20381164550781}
{"average_level": -42.381004333496094, "highest_level": -42.381004333496094, "lowest_level": -42.381004333496094}
{"average_level": -44.357872009277344, "highest_level": -44.357872009277344, "lowest_level": -44.357872009277344}
{"average_level": -39.9689826965332, "highest_level": -39.9689826965332, "lowest_level": -39.9689826965332}
{"average_level": -39.025230407714844, "highest_level": -39.025230407714844, "lowest_level": -39.025230407714844}
{"average_level": -44.60845947265625, "highest_level": -44.60845947265625, "lowest_level": -44.60845947265625}
{"average_level": -40.68270492553711, "highest_level": -40.68270492553711, "lowest_level": -40.68270492553711}
{"average_level": -43.896820068359375, "highest_level": -43.896820068359375, "lowest_level": -43.896820068359375}
{"average_level": -37.434547424316406, "highest_level": -37.434547424316406, "lowest_level": -37.434547424316406}
{"average_level": -39.720115661621094, "highest_level": -39.720115661621094, "lowest_level": -39.720115661621094}
{"average_level": -28.175134658813477, "highest_level": -28.175134658813477, "lowest_level": -28.175134658813477}
{"average_level": -38.38103485107422, "highest_level": -38.38103485107422, "lowest_level": -38.38103485107422}
{"average_level": -52.959537506103516, "highest_level": -52.959537506103516, "lowest_level": -52.959537506103516}
{"average_level": -49.297874450683594, "highest_level": -49.297874450683594, "lowest_level": -49.297874450683594}
{"average_level": -50.60622787475586, "highest_level": -50.60622787475586, "lowest_level": -50.60622787475586}
{"average_level": -51.76211929321289, "highest_level": -51.76211929321289, "lowest_level": -51.76211929321289}
{"average_level": -44.680946350097656, "highest_level": -44.680946350097656, "lowest_level": -44.680946350097656}
{"average_level": -52.09351348876953, "highest_level": -52.09351348876953, "lowest_level": -52.09351348876953}
{"average_level": -47.7994270324707, "highest_level": -47.7994270324707, "lowest_level": -47.7994270324707}
{"average_level": -51.510276794433594, "highest_level": -51.510276794433594, "lowest_level": -51.510276794433594}
{"average_level": -35.79381561279297, "highest_level": -35.79381561279297, "lowest_level": -35.79381561279297}
{"average_level": -49.07454299926758, "highest_level": -49.07454299926758, "lowest_level": -49.07454299926758}
{"average_level": -40.45952606201172, "highest_level": -40.45952606201172, "lowest_level": -40.45952606201172}
{"average_level": -47.60353088378906, "highest_level": -47.60353088378906, "lowest_level": -47.60353088378906}
{"average_level": -37.83103561401367, "highest_level": -37.83103561401367, "lowest_level": -37.83103561401367}
{"average_level": -43.14247131347656, "highest_level": -43.14247131347656, "lowest_level": -43.14247131347656}
{"average_level": -45.308692932128906, "highest_level": -45.308692932128906, "lowest_level": -45.308692932128906}
{"average_level": -34.46623229980469, "highest_level": -34.46623229980469, "lowest_level": -34.46623229980469}
{"average_level": -39.937049865722656, "highest_level": -39.937049865722656, "lowest_level": -39.937049865722656}
{"average_level": -51.04093551635742, "highest_level": -51.04093551635742, "lowest_level": -51.04093551635742}
{"average_level": -40.02741241455078, "highest_level": -40.02741241455078, "lowest_level": -40.02741241455078}
{"average_level": -41.99828338623047, "highest_level": -41.99828338623047, "lowest_level": -41.99828338623047}
{"average_level": -40.2215461730957, "highest_level": -40.2215461730957, "lowest_level": -40.2215461730957}
{"average_level": -42.85962677001953, "highest_level": -42.85962677001953, "lowest_level": -42.85962677001953}
{"average_level": -52.44442367553711, "highest_level": -52.44442367553711, "lowest_level": -52.44442367553711}
{"average_level": -47.6155891418457, "highest_level": -47.6155891418457, "lowest_level": -47.6155891418457}
{"average_level": -41.67086410522461, "highest_level": -41.67086410522461, "lowest_level": -41.67086410522461}
{"average_level": -43.33023452758789, "highest_level": -43.33023452758789, "lowest_level": -43.33023452758789}
{"average_level": -37.23748016357422, "highest_level": -37.23748016357422, "lowest_level": -37.23748016357422}
{"average_level": -50.80332946777344, "highest_level": -50.80332946777344, "lowest_level": -50.80332946777344}
{"average_level": -44.21671676635742, "highest_level": -44.21671676635742, "lowest_level": -44.21671676635742}
{"average_level": -37.153812408447266, "highest_level": -37.153812408447266, "lowest_level": -37.153812408447266}
{"average_level": -44.21612548828125, "highest_level": -44.21612548828125, "lowest_level": -44.21612548828125}
{"average_level": -160, "highest_level": -160, "lowest_level": -160}
{"average_level": -44.591678619384766, "highest_level": -44.591678619384766, "lowest_level": -44.591678619384766}
{"average_level": -41.82003402709961, "highest_level": -41.82003402709961, "lowest_level": -41.82003402709961}
{"average_level": -41.50261688232422, "highest_level": -41.50261688232422, "lowest_level": -41.50261688232422}
{"average_level": -41.01013946533203, "highest_level": -41.01013946533203, "lowest_level": -41.01013946533203}
{"average_level": -40.9676628112793, "highest_level": -40.9676628112793, "lowest_level": -40.9676628112793}
{"average_level": -43.462318420410156, "highest_level": -43.462318420410156, "lowest_level": -43.462318420410156}
{"average_level": -45.2318229675293, "highest_level": -45.2318229675293, "lowest_level": -45.2318229675293}
{"average_level": -42.91439437866211, "highest_level": -42.91439437866211, "lowest_level": -42.91439437866211}
{"average_level": -42.4766845703125, "highest_level": -42.4766845703125, "lowest_level": -42.4766845703125}
{"average_level": -44.04963302612305, "highest_level": -44.04963302612305, "lowest_level": -44.04963302612305}
{"average_level": -40.09635543823242, "highest_level": -40.09635543823242, "lowest_level": -40.09635543823242}
{"average_level": -41.34857177734375, "highest_level": -41.34857177734375, "lowest_level": -41.34857177734375}
{"average_level": -44.151123046875, "highest_level": -44.151123046875, "lowest_level": -44.151123046875}
{"average_level": -41.405155181884766, "highest_level": -41.405155181884766, "lowest_level": -41.405155181884766}
{"average_level": -43.20085525512695, "highest_level": -43.20085525512695, "lowest_level": -43.20085525512695}
{"average_level": -42.021400451660156, "highest_level": -42.021400451660156, "lowest_level": -42.021400451660156}
{"average_level": -30.061321258544922, "highest_level": -30.061321258544922,